id;name;gender;dob;country;language
1;Alaska;MALE;2023-02-15;UNITED;SPANISH
2;Togo architectures;UNSPECIFIED;2023-02-15;GERMANY;ENGLISH
3;Cedi leading-edge;OTHER;2023-02-15;KINGDOM;ENGLISH
4;blue;FEMALE;2023-02-15;ITALY;ITALIAN
5;Gloves Handcrafted Investor;OTHER;2023-02-14;UNITED;RUSSIAN
6;deposit Sausages;FEMALE;2023-02-14;RUSSIA;ITALIAN
7;Dale Florida;FEMALE;2023-02-15;SPAIN;SPANISH
8;help-desk pixel;UNSPECIFIED;2023-02-14;ITALY;ITALIAN
9;United;UNSPECIFIED;2023-02-15;UNITED;RUSSIAN
10;intermediate eyeballs;MALE;2023-02-15;ITALY;RUSSIAN
